{
  "results": [
    {
      "command": "PR Compiler",
      "mean": 0.7503421395600001,
      "stddev": 0.03923123220728285,
      "median": 0.7356694515600001,
      "user": 0.6834979999999999,
      "system": 0.06095324,
      "min": 0.72114586156,
      "max": 0.81919850856,
      "times": [
        0.73364943856,
        0.7356694515600001,
        0.72114586156,
        0.74204743756,
        0.81919850856
      ],
      "exit_codes": [
        0,
        0,
        0,
        0,
        0
      ]
    },
    {
      "command": "Master Compiler",
      "mean": 0.75251800176,
      "stddev": 0.037202786758617115,
      "median": 0.73806269256,
      "user": 0.6845068,
      "system": 0.06094683999999999,
      "min": 0.72420264456,
      "max": 0.81514324256,
      "times": [
        0.7283349945600001,
        0.73806269256,
        0.81514324256,
        0.72420264456,
        0.75684643456
      ],
      "exit_codes": [
        0,
        0,
        0,
        0,
        0
      ]
    }
  ]
}
